all_knowledge,,,,,,,
_id,question_type,act,answers,question,labels,new answers,
"{'model_id': {'article_type': '주주총회', 'subtitle': '주주총회 소집'}, 'q_num': 'q1'}",MC,상법 제365조,"['정기주주총회를 개최하지 않음 상법 제365조는 매년 1회 일정한 시기에 정기 주총을 소집하도록 하고 있습니다.', '정기주주총회를 개최함  상법 제365조는 매년 1회 일정한 시기에 정기 주총을 소집하도록 하고 있습니다.', '정기주주총회 개최에 대해 명시안됨 상법 제365조는 매년 1회 일정한 시기에 정기 주총을 소집하도록 하고 있습니다. 만약 연 2회 이상의 결산기를 정한 회사는 매기에 총회를 소집하여야 합니다.']",정기주주총회를 개최하는가?,"['YES', 'N/D', 'NO']","1) YES : 상법 제365조는 매년 1회 일정한 시기에 정기 주주총회를 소집하여야 함을 규정하고 있습니다. 귀사의 정관을 검토한 결과, 정기 주주총회의 소집에 관한 규정이 포함되어 있습니다. 

2) N/D : 상법 제365조는 매년 1회 일정한 시기에 정기 주주총회를 소집하여야 함을 규정하고 있습니다. 귀사의 정관을 검토한 결과, 정기 주주총회의 소집에 관한 규정이 누락되어 있습니다. 정관에 정기 주주총회의 소집에 관한 규정을 명시하시기 바랍니다. 일반적인 주주총회의 소집에 관한 규정은 다음과 같습니다.

ex. 제00조	(주주총회의 소집)
① 이 회사는 사업연도 말일의 다음 날부터 3월 이내에 정기주주총회를 소집하고, 필요에 따라 임시주주총회를 수시로 소집한다.
② 대표이사는 이사회 결의를 통하여 총회를 소집한다. 다만 법령에 다른 규정이 있는 경우는 제외한다.
③ 대표이사의 유고시 이사회의 결의를 통하여 정한 이사가 총회를 소집한다.

3) NO : 상법 제365조는 매년 1회 일정한 시기에 정기 주주총회를 소집하도록 하고 있습니다. 귀사의 정관을 검토한 결과, 정기 주주총회를 소집하지 않는 것으로 규정되어 있습니다. 정관에 정기 주주총회의 소집에 관한 규정을 명시하시기 바랍니다.",
"{'model_id': {'article_type': '주주총회', 'subtitle': '주주총회 소집'}, 'q_num': 'q2'}",MC,상법 제365조 제3항,"['임시주주총회를 개최하지 않음 상법 제365조 제3항은 필요한 경우 수시로 임시총회를 소집할 수 있도록 규정하고 있습니다.', '임시주주총회를 개최함 상법 제365조 제3항은 필요한 경우 수시로 임시총회를 소집할 수 있도록 규정하고 있습니다.', '임시주주총회 개최에 대해 명시안됨 상법 제365조 제3항은 필요한 경우 수시로 임시총회를 소집할 수 있도록 규정하고 있습니다.']",임시주주총회를 개최하는가?,"['YES', 'NO', 'N/D']","1) YES: 상법 제365조 제3항은 필요한 경우 수시로 임시총회를 소집할 수 있도록 규정하고 있습니다. 귀사의 정관을 검토한 결과, 임시주주총회 개최에 관한 규정이 포함되어 있습니다. 

2) NO: 상법 제365조 제3항은 필요한 경우 수시로 임시총회를 소집할 수 있도록 규정하고 있습니다. 귀사의 정관은 임시주주총회를 개최하지 않는다고 정하고 있습니다. 임시주주총회를 개최하지 않는다고 해서 위법한 것은 아니지만 필요한 경우에도 이를 개최할 수 없도록 정한 정관은 위법의 소지가 있으므로 필요한 경우 임시주주총회를 소집할 수 있도록 정관을 변경하시기 바랍니다.

3) N/D: 귀사의 정관은 임시주주총회에 대해 규정하고 있지 않습니다. 상법 제365조 제3항은 필요한 경우 수시로 임시총회를 소집할 수 있도록 규정하고 있으므로 정관에 규정이 없더라도 임시주주총회를 소집할 수 있습니다. 또한 임시주주총회 개최에 관한 사항은 정관에 반드시 포함되어야 하는 사항은 아니므로 현재 정관은 적법합니다.",
"{'model_id': {'article_type': '주주총회', 'subtitle': '주주총회 소집통지'}, 'q_num': 'q1'}",MC,상법 제542조의4 및 동법 시행령 제31조,"['소집통지 명시안됨  소집통지에 대한 공고가 명시되어야 합니다. (상법 제542조의4)', '일간신문 혹은 전자공시시스템으로 갈음할 수 있도록 소집통지함  1% 이하의 주주에 대한 소집통지 생략 방법으로, 상장회사만 가능합니다. 또한, 2주보다 짧은 기간을 정할 수는 없습니다. 또한, 일간신문의 경우 일간신문에 각각 2회 이상 공고가 필요합니다. (상법 제542조의4) 단, 비상장회사인 경우 위법합니다.']",소집통지를 일간신문 혹은 전자공시시스템으로 갈음할 수 있는가?,"['YES', 'N/D']","1) YES (상장회사인 경우) : 상법 제542조의4 제1항에 따라, 상장회사가 주주총회를 소집하는 경우 1% 이하의 주식을 소유하는 주주에게는 정관으로 정하는 바에 따라 주주총회일의 2주 전에 주주총회를 소집하는 뜻과 회의의 목적사항을 둘 이상의 일간신문에 각각 2회 이상 공고하거나 전자공시시스템으로 공고함으로써 주주총회의 소집통지를 갈음할 수 있습니다. 귀사의 정관에는 이에 관한 규정이 포함되어 있습니다. 단, 귀사가 상장회사에 해당하는 경우가 아니라면, 1% 이하의 주식을 소유하는 주주에 대해서는 일간신문 혹은 전자공시시스템으로 공고함으로써 주주총회의 소집통지를 갈음할 수 없습니다.

2) N/D : 상법 제542조의4 제1항에 따라, 상장회사가 주주총회를 소집하는 경우 1% 이하의 주식을 소유하는 주주에게는 정관으로 정하는 바에 따라 주주총회일의 2주 전에 주주총회를 소집하는 뜻과 회의의 목적사항을 둘 이상의 일간신문에 각각 2회 이상 공고하거나 전자공시시스템으로 공고함으로써 주주총회의 소집통지를 갈음할 수 있습니다. 귀사의 정관에는 이에 관한 규정이 없으므로 위 규정이 적용되지 않습니다.",
"{'model_id': {'article_type': '주주총회', 'subtitle': '총회 의결방법'}, 'q_num': 'q1'}",MC,상법 제368조 제1항,"['주주총회 의결권의 과반수 이하로 선언됨.  최소한 발행한 주식의 50%는 출석하여야 합니다.', '주주총최 결의는 출석한 주주의 과반수로 함.  최소한 발행한 주식의 50%는 출석하여야 합니다.']",주주총회의 결의는 출석한 주주의 의결권의 과반수로 하는가?,"['true', 'false']",,
"{'model_id': {'article_type': '주주총회', 'subtitle': '총회 의결방법'}, 'q_num': 'q2'}",MC,상법 제368조 제1항,"['주주총회의 결의는  발행주식총수의 4분의 1이상으로 하고 있지않음. 발행한 주식의 25%보다 적을 수 없습니다.', '주주총회의 결의는  발행주식총수의 4분의 1이상으로 하고있음. 발행한 주식의 25%보다 적을 수 없습니다. ']",주주총회의 결의는 발행주식총수의 4분의1 이상의 수로 하는가?,"['true', 'false']","1) TRUE : 상법 제368조에 따라, 주주총회의 일반결의는 출석한 주주의 의결권의 과반수와 발행주식총수의 4분의 1 이상의 수로써 함이 원칙입니다. 다만, 의결정족수는 정관으로 가중할  수 있습니다. 
다만, 주주총회 특별결의 사항(정관의 변경, 영업의 전부 또는 중요한 일부의 양도, 영업 전부의 임대 또는 경영 위임, 회사의 영업에 중대한 영향을 미치는 다른 회사와의 영업 전부 또는 일부의 양수, 주식매수선택권의 부여, 이사 또는 감사의 해임, 자본금의 감소, 합병 및 분할, 사후설립, 임의 해산, 주주 외의 자에 대한 전환사채 및 신주인수권부 사채의 발행, 주식의 포괄적 교환, 주식의 포괄적 이전, 주식분할, 주식의 할인발행 등)은 출석한 주주의 의결권의 3분의 2 이상의 수와 발행주식총수의 3분의 1 이상의 수로써 하여야 합니다.

2) FALSE : 상법 제368조에 따라, 주주총회의 일반결의는 출석한 주주의 의결권의 과반수와 발행주식총수의 4분의 1 이상의 수로써 함이 원칙입니다.",
"{'model_id': {'article_type': '주주총회', 'subtitle': '총회 투표방법'}, 'q_num': 'q1'}",MC,상법 제368조의3,"['주주총회의 투표방식에 서면투표 불가함. 정관 규정이 없는 경우, 서면투표는 불가합니다. 단, 자본금 10억 미만의 회사가 서면결의로 주주총회를 갈음하는 것은 정관의 규정없이도 가능합니다.', '주주총회의 투표는 서면투표가 가능함. 정관 규정이 없는 경우, 서면투표는 불가합니다. 단, 자본금 10억 미만의 회사가 서면결의로 주주총회를 갈음하는 것은 정관의 규정없이도 가능합니다.']",주주총회의 투표는 서면투표 하는가?,"['false', 'true']","1) false: 귀사의 정관을 검토한 결과 주주총회의 서면투표에 대하여 정하고 있지 않습니다. 현재 정관이 위법한 것은 아니지만 상법 제368조의3 제1항에 의하여 정관 규정이 없는 경우 서면투표는 불가합니다.

2) true: 귀사의 정관을 검토한 결과 주주총회의 서면투표를 허용하고 있습니다. 현재 정관은 적법하며, 정관에 기재된 대로 상법 제368조의3 제1항에 의하여 귀사의 주주총회에서 서면 투표가 허용됩니다.",
"{'model_id': {'article_type': '주주총회', 'subtitle': '총회 투표방법'}, 'q_num': 'q2'}",MC,상법 제368조의4,"['주주총회의 투표방식에 전자투표 명시안됨. 정관규정이 없더라도 이사회결의로 채택이 가능합니다. (상법 제368조의4)', '주주총회의 투표는 전자투표가 가능함. 정관 규정이 없는 경우, 서면투표는 불가합니다. 단, 자본금 10억 미만의 회사가 서면결의로 주주총회를 갈음하는 것은 정관의 규정없이도 가능합니다.']",주주총회의 투표는 전자투표 방식인가?,"['false', 'true']","이사회 결의로 전자투표하기로 정하면 전자투표가 가능한 것이고, 별도의 이사회 결의가 없었다면 전자투표가 불가능함. 정관에서 확인 가능한 내용이 아님.",
"{'model_id': {'article_type': '주주총회', 'subtitle': '의결권 대리행사'}, 'q_num': 'q1'}",MC,상법 제368조 제2항,"['주주는 대리인으로 하여금 그  의결권 행사가 불가능함. 정관규정이 없는경우 의결권에 대한 대리행사를 할 수 없습니다.', '주주는 대리인으로 하여금 그  의결권 행사가 가능함. 대리행사를 위한 조건을 충족하는 경우 의결권 대리 행사가 가능합니다. ']",주주는 대리인으로 하여금 그 의결권을 행사하게 할 수 있는가?,"['true', 'false']","1) true: 귀사의 정관을 검토한 결과 대리인에 의한 의결권 행사를 허용하고 있습니다. 상법 제368조 제2항에 의해 주주는 대리인으로 하여금 그 의결권을 행사하게 할 수 있습니다. 따라서 현재 정관은 적법합니다.  

2) false: 귀사의 정관은 대리인에 의한 의결권 행사를 금지하고 있습니다. 상법 제368조 제2항에 의해 주주는 대리인으로 하여금 그 의결권을 행사하게 할 수 있습니다. 따라서 현재 정관은 위법합니다. 해당 조항을 삭제하시거나 대리인의 자격을 주주로 제한하는 것으로 변경하시기 바랍니다.",
"{'model_id': {'article_type': '주주총회', 'subtitle': '의결권 대리행사'}, 'q_num': 'q2'}",MC,상법 제368조 제2항,"['대리인에 대한 위임장 제출 의무화하지 않음', '대리인으로 하여 위임장을 회사에 제출하도록함. 주주총회에서 주주권리 대리행사를 위해서는 위임장을 제출하여야 합니다. ']",대리인은 위임장을 이 회사에 제출하여야 하는가?,"['true', 'false']","1) TRUE : 상법 제386조 제2항은 주주는 대리인으로 하여금 그 의결권을 행사하게 할 수 있으며, 이 경우 그 대리인은 대리권을 증명하는 서면을 총회에 제출하여야 한다고 규정하고 있습니다. 따라서 주주의 의결권을 대리 행사하고자 하는 대리인은 대리권을 증명하는 서면(위임장)을 주주총회에 제출하여야 합니다.

2) FALSE : 상법 제386조 제2항은 주주는 대리인으로 하여금 그 의결권을 행사하게 할 수 있으며, 이 경우 그 대리인은 대리권을 증명하는 서면을 총회에 제출하여야 한다고 규정하고 있습니다. 따라서 주주의 의결권을 대리 행사하고자 하는 대리인은 대리권을 증명하는 서면(위임장)을 주주총회에 제출하여야 합니다.",
"{'model_id': {'article_type': '주주총회', 'subtitle': '주주총회 소집지'}, 'q_num': 'q1'}",MC,상법 제364조,"['본점소재지 또는 인접지역', '명시안됨', '그외의 지역', '소집지를 이사회 결의로 규정']",주주총회 소집지는 어디인가?,"['본점소재지 또는 인접지역', 'N/D', '그외의 지역', '소집지를 이사회 결의로 규정', '대표이사', '에서 개최', '개별통지']","1) 본점소재지 또는 인접지역: 귀사의 정관을 검토한 결과 본점소재지 또는 인접지역에서 주주총회를 소집하도록 정하고 있습니다. 상법 제364조에 의해 주주총회 장소는 정관으로 정할 수 있으므로 현재 정관은 적법하며, 귀사의 주주총회를 본점소재지 또는 인접지역에서 개최할 수 있습니다.

2) N/D: 귀사의 정관을 검토한 결과 주주총회 소집지에 대하여 정하고 있는 규정이 없습니다. 현재 정관은 적법합니다. 상법 제364조에 의해 총회는 정관에 다른 정함이 없으면 본점소재지 또는 이에 인접한 지역에 소집하여야 합니다.

3) 그외의 지역: 귀사의 정관을 검토한 결과 본점소재지 또는 인접지역이 아닌 지역에서 주주총회를 소집하도록 정하고 있습니다. 상법 제364조에 의해 주주총회 장소는 정관으로 정할 수 있으므로 현재 정관은 적법하며, 귀사의 주주총회를 본점소재지 또는 인접지역이 아닌 지역에서 개최할 수 있습니다.

4) 소집지를 이사회 결의로 규정: 귀사의 정관을 검토한 결과 주주총회를 소집지를 이사회 결의로 정하도록 하고 있습니다. 상법 제364조에 의해 주주총회 장소는 정관으로 정할 수 있으므로 현재 정관은 적법하며, 귀사의 주주총회 장소를 이사회 결의로 정할 수 있습니다.

5) 대표이사

6) 에서 개최

7) 개별통지",
"{'model_id': {'article_type': '이사회', 'subtitle': '이사회 구성'}, 'q_num': 'q1'}",MC,상법 제383조 제1항,"['3인 이상의 (상근) 이사를 두고있음.  법률상 문제없음.', '이사의 인원수 명시없음.', '3인 미만의 (상근) 이사를 두고있음.  자본금 총액이 10억원 미만인 회사만이 3명 미만의 이사를 둘 수 있습니다.']",(상근) 이사는 몇 명인가?,"['3인 이상', 'N/D', '3인 미만']","1) 3인 이상 : 귀사의 정관을 검토한 결과, (상근) 이사의 수는 {XX}명입니다. 

2) N/D : 귀사의 정관을 검토한 결과, (상근) 이사의 수에 관한 규정이 포함되어 있지 않습니다.

3) 3인 미만 : 귀사의 정관을 검토한 결과, (상근) 이사의 수는 {XX}명입니다. 다만, 자본금 총액이 10억원 미만인 회사만이 3명 미만의 이사를 둘 수 있으므로, 귀사의 자본금 총액을 확인하시기 바랍니다.",
"{'model_id': {'article_type': '이사회', 'subtitle': '이사 선임'}, 'q_num': 'q1'}",MC,상법 재382조 제1항,"['이사는 주주총회에서 선임하도록함.  이사 선임은 주주총회에서 선임하도록 하는 것도 적법합니다. ', '이사는 이사회에서 선임하도록함. 이사는 이사회에서 선임할 수 없습니다. ', '이사 선임 방식이 명시안됨. 이사 선임방식이 명시되지않은 경우에는 상법에 따라 주주총회에서 이사를 정해야 합니다.. ']",이사는 어디에서 선임하는가?,"['주주총회', '이사회', 'N/D']","1) 주주총회: 귀사의 정관을 검토한 결과 이사를 주주총회에서 선임하도록 하고 있습니다. 상법 제382조 제1항에 의하여 이는 적법합니다. 
2) 이사회: 귀사의 정관을 검토한 결과 이사를 이사회에서 선임하도록 하고 있습니다. 이는 이사를 주주총회에서 선임하도록 정하고 있는 상법 제382조 제1항에 위배되어 위법하므로 해당 조항을 삭제하시거나 이사를 주주총회에서 선임하도록 수정이 필요합니다.
3) N/D: 귀사의 정관은 이사 선임 방식을 명시하지 않고 있습니다. 현재 정관은 적법합니다. 이 경우 상법 제382조 제1항에 따라 주주총회에서 이사를 선임해야 합니다.",
"{'model_id': {'article_type': '이사회', 'subtitle': '이사 선임'}, 'q_num': 'q2'}",MC,상법 제368조 제1항,"['이사를 선임하기 위한 정족수는 보통결의  상법이 요구하는 보통결의(과반 출석, 출석 주주 과반 결의)를 통한 이사 선임은 문제없습니다.', '이사를 선임하기 위한 정족수는 명시안됨.', '이사를 선임하기 위한 정족수가 보통결의 미만. 상법이 요구하는 보통결의(과반 출석, 출석 주주 과반 결의)보다 선임 기준을 쉽게하는 정관 규정은 무효입니다.', '이사를 선임하기 위한 정족수가 보통결의보다 강화되어 있음. 상법보다 이사의 선임을 보통결의(과반 출석, 출석 주주 과반 결의)보다 어렵게 하는 정관은 논란의 여지는 있으나 적법합니다.']",이사를 선임하기 위한 주주총회 정족수는 얼마인가?,"['보통결의', 'N/D', '보통결의 미만', '보통결의보다 강화']","1) 보통결의 : 상법 제368조 제1항은 주주총회 보통결의를 출석한 주주의 의결권의 과반수와 발행주식총수의 4분의 1 이상의 수로써 하여야 한다고 규정하고 있습니다. 이사 선임은 주주총회 보통결의사항이며, 귀사의 정관은 출석한 주주의 의결권의 과반수와 발행주식총수의 4분의 1 이상의 수로써 이사를 선임한다고 규정하고 있습니다.

2) N/D : 상법 제368조 제1항은 주주총회 보통결의를 출석한 주주의 의결권의 과반수와 발행주식총수의 4분의 1 이상의 수로써 하여야 한다고 규정하고 있습니다. 이사 선임은 주주총회 보통결의사항이며, 귀사의 정관에 규정이 없더라도 위 상법 규정에 따라 출석한 주주의 의결권의 과반수와 발행주식총수의 4분의 1 이상의 수로써 이사를 선임하여야 합니다.

3) 보통결의 미만 : 상법 제368조 제1항은 주주총회 보통결의를 출석한 주주의 의결권의 과반수와 발행주식총수의 4분의 1 이상의 수로써 하여야 한다고 규정하고 있습니다. 이사 선임은 주주총회 보통결의사항이므로, 보통 결의 미만으로 이사가 선임된다고 규정된 귀사의 정관은 수정되어야 합니다.

4) 보통결의보다 강화 : 상법 제368조 제1항은 주주총회 보통결의를 출석한 주주의 의결권의 과반수와 발행주식총수의 4분의 1 이상의 수로써 하여야 한다고 규정하고 있습니다. 이사 선임이 주주총회 보통결의사항임에도, 귀사의 정관은 보통결의보다 가중된 정족수로 이사를 선임한다고 규정하고 있는데, 판례는 가중(강화)된 정족수 요건의 경우 적법하다고 보는 입장이므로, 귀사의 경우는 보통결의보다 강화된 정관상의 정족수에 따라 이사를 선임하여야 합니다.",
"{'model_id': {'article_type': '이사회', 'subtitle': '이사 선임'}, 'q_num': 'q3'}",MC,상법 제382조의2 제1항,"['이사 선임에 집중투표제를 명문으로 배제하였음', '이사 선임에 명문으로 집중투표제를 채택함', '이사 선임에 집중투표제 배제 규정없음.  정관에 규정이 없더라도, 3%이상 주주는 상법상 집중투표를 청구할 수 있습니다.']",이사 선임에 집중투표제를 배제하였는가?,"['배제하였음', '규정없음', 'N/D']","1) 배제하였음: 귀사의 정관을 검토한 결과, 이사 선임에 집중투표제를 배제하였습니다. 상법 제382조의2 제1항에 의하여 현재 정관은 적법합니다. 

2) 규정없음: 귀사의 정관을 검토한 결과, 이사 선임에 집중투표제를 배제하는 규정이 없습니다.  상법 제382조의2 제1항에 의하여 현재 정관은 적법하며, 정관에 규정이 없더라도, 3%이상 지분을 소유한 주주는 상법상 집중투표를 청구할 수 있습니다.

3) N/D: 귀사의 정관을 검토한 결과, 이사 선임에 집중투표제를 배제하는 규정이 없습니다.  상법 제382조의2 제1항에 의하여 현재 정관은 적법하며, 정관에 규정이 없더라도, 3%이상 지분을 소유한 주주는 상법상 집중투표를 청구할 수 있습니다.",
"{'model_id': {'article_type': '이사회', 'subtitle': '이사 임기'}, 'q_num': 'q1'}",MC,상법 제382조 제2항,"['이사의 임기는 3년이하  법률상 문제없음 ', ' 이사의 임기는 3년을 초과할 수 없음    예외적으로 최종 결산기에 관한 주주총회 종결까지 연장은 가능합다. 재선임의 경우 사내이사는 제약이 없으나, 사외이사는 상장회사에서 6년 이상, 계열회사 총합 9년 이상 연속 근무가 금지되는 등 제약이 있습니다.  ', '이사의 임기는 명시안됨']",이사의 임기는 몇 년인가?,"['3년이하', '3년초과', 'N/D']","1) 3년 이하: 귀사의 정관을 검토한 결과, 이사의 임기는 {XX}년입니다. 단, 상법 제383조 제3항에 따라 정관으로 그 임기 중의 최종의 결산기에 관한 정기주주총회의 종결에 이르기까지 연장할 수 있는데, 귀사 정관에는 이에 관한 내용이 포함되어 있습니다. 이사의 재선임과 관련해 사내이사에 대한 제약은 존재하지 않으나, 상법 시행령 제34조 제5항 제7호 및 상법 제542조의8 제2항에 따라 상장회사에서 6년을 초과하여 사외이사로 재직했거나 해당 상장회사 또는 그 계열회사에서 각각 재직한 기간을 더하면 9년을 초과하여 사외이사로 재직한 자는 그 직을 상실합니다.

2) 3년 초과: 귀사의 정관을 검토한 결과, 이사의 임기는 {XX}년입니다. 상법 제383조 제2항은 이사의 임기는 3년을 초과하지 못한다고 규정하고 있으므로, 이사의 임기를 3년 이하로 하는 정관 수정이 필요합니다.

3) N/D: 귀사의 정관을 검토한 결과, 이사의 임기에 관한 내용이 포함되어 있지 않습니다. 다만, 상법 제383조 제2항은 이사의 임기는 3년을 초과하지 못한다고 규정하고 있으므로, 이를 고려하여 이사의 임기를 판단하여야 합니다.",
"{'model_id': {'article_type': '이사회', 'subtitle': '이사 임기'}, 'q_num': 'q2'}",MC,상법 제383조 제3항,"['이사의 임기를 임기 중 최종 결산기에 대한 정기주총 종료시까지 연장 할 수 있음 일시적으로 회사 내에 이사가 부족해지는 사태를 미연에 방지하기 위해 규정을 두는 것이 바람직합니다.', '이사의 임기를 임기 중 최종 결산기에 대한 정기주총 종료시까지 연장 할 수 없음 일시적으로 회사 내에 이사가 부족해지는 사태를 미연에 방지하기 위해 규정을 두는 것이 바람직합니다.']",이사의 임기를 임기 중 최종 결산기에 대한 정기주종 종료시까지 연장 할 수 있는가?,"['YES', 'NO']","1) YES: 귀사의 정관을 검토한 결과, 이사의 임기를 임기 중 최종 결산기에 대한 정기주총 종료시까지 연장할 수 있도록 규정하고 있습니다. 상법 제383조 제3항에 의해 이사의 임기는 정관으로 그 임기 중의 최종의 결산기에 관한 정기주주총회의 종결에 이르기까지 연장할 수 있으므로 현재 정관은 적법합니다. 

2) NO: 귀사의 정관을 검토한 결과, 이사의 임기를 임기 중 최종 결산기에 대한 정기주총 종료시까지 연장할 수 없습니다. 상법 제383조 제3항에 의해 이사의 임기는 정관으로 그 임기 중의 최종의 결산기에 관한 정기주주총회의 종결에 이르기까지 연장할 수 있으므로 일시적으로 회사 내에 이사가 부족해지는 사태를 미연에 방지하기 위해 규정을 두는 것이 바람직합니다.",
"{'model_id': {'article_type': '이사회', 'subtitle': '대표이사 선임'}, 'q_num': 'q1'}",MC,상법 제389조 제1항,"['대표이사는 이사회에서 선임한다. 이사회 선임이 원칙으로 적법합니다. ', '대표이사는 주주총회에서 선임한다. 이사회 선임이 원칙이지만 정관으로 주총에서 선임하도록 하는 것도 적법합니다.', '대표이사 선임 방식에 대한 규정없음  대표이사는 이사회에서 선임하도록 하는것이 원칙입니다.  ']",대표이사는 어디서 선임하는가?,"['이사회', '주주총회', 'N/D']","1) 이사회: 귀사의 정관을 검토한 결과, 대표이사는 {XX}에서 선임하는 것으로 규정되어 있습니다.

2) 주주총회: 귀사의 정관을 검토한 결과, 대표이사는 {XX}에서 선임하는 것으로 규정되어 있습니다.

3) N/D: 귀사의 정관을 검토한 결과, 대표이사의 선임에 관한 내용이 포함되어 있지 않습니다. 이 경우, 상법 제389조 제1항에 따라 이사회 결의로 대표이사를 선임합니다.",
"{'model_id': {'article_type': '이사회', 'subtitle': '대표이사 선임'}, 'q_num': 'q2'}",MC,상법 제389조 제2항,"['대표이사 1명을 선임.  법률상 문제없습니다.', '대표이사 2명 이상 선임.  각자 대리가 원칙이나, 주총이나 이사회 결의로 공동대표로 적용할 수 있습니다.', '대표이사 선임 수에 대한 명시없음 일반적으로 1명의 대표이사를 선임하며, 2인 이상인 경우 각자 대리가 원칙이나, 주총이나 이사회 결의로 공동대표로 적용할 수 있습니다. ']",대표이사는 몇 명인가?,"['1명', '2명 이상', 'N/D']","1) 1명: 귀사의 정관을 검토한 결과, 대표이사가 1명입니다. 현재 정관은 적법합니다. 

2) 2명 이상: 귀사의 정관을 검토한 결과, 대표이사가 2명 이상입니다. 상법 제389조 제2항에 의해 여러 명의 대표이사를 선임할 수 있으므로 현재 정관은 적법합니다. 대표이사는 이사회나 주주총회에서 선임하여야 하고, 2명 이상을 선임한 경우에는 각자 대리가 원칙이나 주주총회나 이사회 결의로 공동대표로 정할 수 있습니다. 

3) N/D: 귀사의 정관을 검토한 결과, 대표이사가 몇 명인지 기재되어 있지 않습니다. 현재 정관은 적법합니다. 일반적으로 1명의 대표이사를 선임하며, 2인 이상인 경우 각자 대리가 원칙이나, 주총이나 이사회 결의로 공동대표로 정할 수 있습니다.",
"{'model_id': {'article_type': '이사회', 'subtitle': '집행임원'}, 'q_num': 'q2'}",MC,상법 제400조,"['이사 혹은 집행임원, 감사의 책임 감경조항으로 전부면제함   이사의 책임을 전부 면제하는 것은 주주전원의 동의로만 가능합니다. 이와 같은 정관의 규정은 효력이 없습니다.', '이사 혹은 집행임원, 감사의 책임 감경조항 명시안됨  상법은 최소한 6배(3배)의 한도를 둘 것을 규정하고 있습니다.', '이사 혹은 집행임원, 감사의 책임 감경조항으로 최근 1년 보수액의 6배(사외이사는 3배)보다 낮은 한도 적용  상법은 최소한 6배(3배)의 한도를 둘 것을 규정하고 있습니다.']","이사 혹은 집행임원, 감사의 책임 감경조항이 있는가?","['전부면제', '최근 1년 보수액의 6배', 'N/D']","1) 전부면제 : 상법 제400조 제1항(감사의 경우 상법 제415조에서 준용)은 이사의 상법 제399조에 따른 회사에 대한 책임은 주주 전원의 동의로만 면제할 수 있다고 규정하고 있습니다. 따라서 주주 전원의 동의가 있다면 이사의 책임을 면제할 수 있습니다.

2) 최근 1년 보수액의 6배 : 상법 제400조는 이사의 상법 제399조에 따른 회사에 대한 책임은 주주 전원의 동의로만 면제할 수 있다고 하면서, 정관으로 정하는 바에 따라 제399조에 따른 이사의 책임을 이사가 그 행위를 한 날 이전 최근 1년간의 보수액(상여금과 주식매수선택권의 행사로 인한 이익 등을 포함한다)의 6배(사외이사의 경우는 3배)를 초과하는 금액에 대하여 면제할 수 있다고 하고 있습니다. 귀사의 정관을 검토한 결과, 이사가 그 행위를 한 날 이전 최근 1년간의 보수액의 {XX}배(사외이사의 경우 {XX}배)에 대해 이사의 책임을 면제하도록 되어 있습니다.
단, 이 경우에도 이사가 고의 또는 중대한 과실로 손해를 발생시킨 경우와 경업금지, 회사의 기회 및 자산의 유용금지, 이사와 회사간 자기거래 등에 해당하는 경우에는 면제되지 않습니다.

3) N/D : 귀사의 정관을 검토한 결과, 이사의 책임 감면에 관한 조항이 포함되어 있지 않습니다. 단, 상법 제400조 제1항(감사의 경우 상법 제415조에서 준용)은 이사의 상법 제399조에 따른 회사에 대한 책임은 주주 전원의 동의로만 면제할 수 있다고 규정하고 있습니다. 따라서 주주 전원의 동의가 있다면 이사의 책임을 면제할 수 있습니다.",
"{'model_id': {'article_type': '이사회', 'subtitle': '이사회 소집'}, 'q_num': 'q1'}",MC,"상법 제390조 제3항, 제4항","['이사회 소집기한은 회일로부터 1주일 미만   적법하나, 이사들에게 적절한 통지를 할 수 있는 합리적인 기간을 선정하여야 할 것입니다.', '이사회 소집기한은 회일로부터 1주일 이상  법률에 따라 문제없습니다.', '이사회 소집기한이 명시되지않음  적법하나, 이사들에게 적절한 통지를 할 수 있는 합리적인 기간을 선정하여야 할 것입니다.']",이사회 소집기한은 얼마인가?,"['회일로부터 1주일 미만', '회일로부터 1주일 이상', 'N/D']","1) 회일로부터 1주일 미만: 귀사의 정관을 검토한 결과, 1주일보다 짧은 기간을 두고 이사회 소집통지를 하고 있습니다. 현재 정관은 상법 제390조 제3항, 제4항에 의하여 적법하나, 이사들에게 적절한 통지를 할 수 있는 합리적인 기간을 선정하여야 할 것입니다.

2) 회일로부터 1주일 이상: 귀사의 정관을 검토한 결과, 1주일보다 긴 기간을 두고 이사회 소집통지를 하고 있습니다. 현재 정관은 상법 제390조 제3항, 제4항에 의하여 적법합니다. 

3) N/D: 귀사의 정관을 검토한 결과, 1주일보다 짧은 기간을 두고 이사회 소집통지를 하고 있습니다. 현재 정관은 상법 제390조 제3항, 제4항에 의하여 적법하나, 이사들에게 적절한 통지를 할 수 있는 합리적인 기간을 선정하여야 할 것입니다.",
"{'model_id': {'article_type': '이사회', 'subtitle': '이사회 결의'}, 'q_num': 'q1'}",MC,상법 제391조 제1항,"['이사회의 결의 요건은 이사의 과반 출석, 출석이사의 과반 찬성 이상  상법은 정관으로 이사결의 요건을 더 엄격하게 만드는 것을 허용하고 있습니다.', '이사회의 결의 요건은 이사의 과반 출석, 출석이사의 과반 찬성 미만  이사회 결의 요건을 상법보다 완화하는 것은 위법합니다.', '이사회의 결의 요건이 명시되지않음 ']",이사회의 결의 요건은 무엇인가?,"['이사의 과반 출석, 출석이사의 과반 찬성 이상', '이사의 과반 출석, 출석이사의 과반 찬성 미만', 'N/D']","1) '이사의 과반 출석, 출석이사의 과반 찬성 이상' : 상법 제391조 제1항은 이사회의 결의는 이사과반수의 출석과 출석이사의 과반수로 하여야 하되, 정관으로 그 비율을 높게 정할 수 있다고 규정하고 있습니다. 귀사의 정관은 {XX}으로 이사회 결의를 할 수 있다고 규정하고 있습니다. 

2) '이사의 과반 출석, 출석이사의 과반 찬성 미만' : 상법 제391조 제1항은 이사회의 결의는 이사과반수의 출석과 출석이사의 과반수로 하여야 하되, 정관으로 그 비율을 높게 정할 수 있다고 규정하고 있습니다. 귀사의 정관은 {XX}으로 이사회 결의를 할 수 있다고 규정하고 있으므로, 수정되어야 합니다.

3) 'N/D': 상법 제391조 제1항은 이사회의 결의는 이사과반수의 출석과 출석이사의 과반수로 하여야 한다고 규정하고 있습니다.",
"{'model_id': {'article_type': '이사회', 'subtitle': '이사회내 위원회'}, 'q_num': 'q1'}",MC,상법 제393조의2,"['이사회내 위원회를 두고 있음 위원회는 정관상 명칭과 목적이 명확하여야 하며, 단순히 위원회를 둘 수 있다고만 규정한 경우에는 그 효력이 없습니다.', '이사회내 위원회 관련사항 명시없음  법률상 문제없음']",이사회내 위원회를 두고 있는가?,"['YES', 'N/D']","1) YES: 귀사의 정관을 검토한 결과, 이사회 내에 위원회를 두고 있습니다. 상법 제393조의2에 의해 정관 규정으로 위원회를 둘 수 있습니다. 다만 위원회는 정관상 명칭과 목적이 명확하여야 하며, 단순히 위원회를 둘 수 있다고만 규정한 경우에는 그 효력이 없습니다. 

2) N/D: 귀사의 정관을 검토한 결과, 이사회 내에 위원회에 관한 규정이 없습니다. 현재 정관은 적법합니다.",
"{'model_id': {'article_type': '이사회', 'subtitle': '이사의 보수와 퇴직금'}, 'q_num': 'q1'}",MC,상법 제388조,"['이사의 보수 및 퇴직금에 대한 규정있음  법률상 문제없습니다.', '이사 보수의 한도만 정하고 있음  이사회 보통결의로 한도내에서 보수를 정하게 됩니다.', '이사의 보수 및 퇴직금 관련사항 명시없음  정관에서 이사의 보수 및 퇴직금을 정하고 있지 않은 경우, 이는 주총보통결의로 결정합니다. ']",이사의 보수 및 퇴직금을 정하고 있는가?,"['N/D', '보수의 한도만 정하고 있음', '금액을 정하고 있음']","1) 'N/D' : 상법 제388조는 이사의 보수는 정관에 그 액을 정하지 아니한 때에는 주주총회의 결의로 이를 정한다고 하고 있습니다.

2) '보수의 한도만 정하고 있음' : 상법 제388조는 이사의 보수는 정관에 그 액을 정하지 아니한 때에는 주주총회의 결의로 이를 정한다고 하고 있습니다. 귀사의 정관은 보수의 한도만을 정하고 있으므로, 귀사 정관상의 보수의 한도인 {XX}원 내에서 주주총회 결의로 각 이사의 구체적인 보수 금액을 정하여야 합니다. 

3) '금액을 정하고 있음' : 상법 제388조는 이사의 보수는 정관에 그 액을 정하지 아니한 때에는 주주총회의 결의로 이를 정한다고 하고 있습니다. 귀사의 정관은 이사의 보수 및 퇴직금의 금액을 {XX}으로 정하고 있습니다.",
"{'model_id': {'article_type': '주식', 'subtitle': '주식 종류'}, 'q_num': 'q1'}",MC,,"['회사가 발행하는 주식의 종류는 기명입니다.  법률상 문제없습니다.', '회사가 발행하는 주식의 종류는 무기명입니다. 무기명 주식은 2014년 폐지되었습니다. 정관 개정이 필요합니다.', '회사가 발생하는 주식의 종류에 대해 명시안됨']",회사가 발생하는 주식의 종류는 무엇인가?,"['기명', ‘무기명', 'N/D']","1) 기명: 귀사의 정관을 검토한 결과, 회사는 기명주식을 발행합니다. 현재 정관은 적법합니다. 

2) 무기명: 귀사의 정관을 검토한 결과, 회사는 무기명주식을 발행합니다. 무기명주식은 2014년에 폐지되었으므로 기명주식을 발행하는 것으로 정관을 개정하거나 해당 조항을 삭제하기시 바랍니다.  

3) N/D: 귀사의 정관을 검토한 결과, 회사가 기명주식을 발행하는지 무기명주식을 발행하는지 명시되어 있지 않습니다. 무기명주식은 2014년 폐지되었으며, 현재 정관은 적법합니다.",
"{'model_id': {'article_type': '주식', 'subtitle': '신주 발행'}, 'q_num': 'q1'}",MC,상법 제418조,"['신주 발행 방법은 주주배정 방식입니다.  법률상 문제없습니다. 기존 주주가 아닌 제3자에게 신주를 배정하는 것은 관련 법령 및 정관에서 허용하는 경우에만 가능합니다. ', '신주 발행 방법은 제3자 배정 방식입니다.  기존 주주가 아닌 제3자에게 신주를 배정하는 것은 관련 법령 및 정관에서 허용하는 경우에만 가능합니다. 제3자 배정은 신기술의 도입, 재무구조의 개선 등 회사의 경영상 목적을 달성하기 위하여 필요한 경우에 한하며, 벤처기업 등은 관련 법령을 확인할 필요가 있습니다.', '신주 발행 방법은 주주배정 + 제3자 배정 방식입니다.  법률상 문제없습니다. 기존 주주가 아닌 제3자에게 신주를 배정하는 것은 관련 법령 및 정관에서 허용하는 경우에만 가능합니다. 제3자 배정은 신기술의 도입, 재무구조의 개선 등 회사의 경영상 목적을 달성하기 위하여 필요한 경우에 한하며, 벤처기업 등은 관련 법령을 확인할 필요가 있습니다. ', '신주 발행 방법에 대한 내용 명시없음']",신주 발행 방법은 무엇인가?,"['주주배정', '주주배정 + 제3자 배정', 'N/D']","1) '주주배정' : 귀사의 정관은 {XX} 방식으로 신주 발행이 이루어진다고 규정하고 있습니다.

2) '주주배정 + 제3자 배정' : 귀사의 정관은 {XX} 방식으로 신주 발행이 이루어진다고 규정하고 있습니다. 상법 제418조 제2항에 따라, 기존 주주가 아닌 제3자에게 신주를 배정하는 것은 관련 법령 및 정관에서 허용하는 경우에만 가능하며, 이 경우, 신기술의 도입, 재무구조의 개선 등 회사의 경영상 목적을 달성하기 위하여 필요한 경우에 한합니다. 다만, 벤처기업 등은 관련 법령을 확인할 필요가 있습니다.
 
3) 'N/D' : 귀사의 정관에는 신주 발행 방법에 관한 규정이 포함되어 있지 않습니다. 이 경우, 상법 제418조 제1항에 따라 주주배정이 원칙입니다.",
"{'model_id': {'article_type': '주식', 'subtitle': '신주 발행'}, 'q_num': 'q3'}",MC,"상법 제419조 제3항 및 제423조 제2항, 자본시장법 제165조의6","['실권주 처리는 이사회 결의로 결정 발행하기로 예정되었으나 배정받은 자의 권리 포기나 주금납입 지연 등으로 발행되지 못한 실권주의 경우, 발행하지 않는 것이 원칙입니다. 다만 발행가액의 적정성이 확보되고 제3자에 대한 특혜소지가 적은 경우 예외적으로 발행이 허용됩니다.', '실권주 처리 규정이 없습니다. 실권주에 대한 아무런 정관상 규정이 없는 경우, 실권주는 발행을 철회하여야 합니다.']",실권주는 어떻게 정하는가?,"['N/D', '이사회 결의로 결정']","실권주는 어떻게 처리하는가? 인데, 이 질문은 뺐으면 좋겠다. 우선 상법의 범위를 벗어나고, 경우의 수가 너무 많고 복잡하다",
"{'model_id': {'article_type': '주식', 'subtitle': '주식매수선택권'}, 'q_num': 'q1'}",MC,상법 제289조 제1항 제3호,"['발행주식 한도는 주식총수 50%이하입니다.  상장회사의 경우 주식총수의 15%이하, 벤처기업의 경우 주식총수의 50%이하이며 그외 기업은 주식총수의 10%이하여야 합니다.', '발행주식 한도는 주식총수 15%이하입니다.  상장회사의 경우 주식총수의 15%이하, 벤처기업의 경우 주식총수의 50%이하이며 그외 기업은 주식총수의 10%이하여야 합니다.', '발행주식 한도는 주식총수 10%이하입니다.  상장회사의 경우 주식총수의 15%이하, 벤처기업의 경우 주식총수의 50%이하이며 그외 기업은 주식총수의 10%이하여야 합니다.', '발행주식 한도에 대한 내용 명시없음  상장회사의 경우 주식총수의 15%이하, 벤처기업의 경우 주식총수의 50%이하이며 그외 기업은 주식총수의 10%이하여야 합니다.']",발행주식 한도는 얼마인가?,NaN,귀사의 정관상 발행주식총수는 {XX}입니다.,
"{'model_id': {'article_type': '주식', 'subtitle': '주식매수선택권'}, 'q_num': 'q2'}",MC,상법 제340조의2 제1항,"['매수선택권 부여하는 방법은 주주총회 결의입니다.  법률상 문제없습니다.', '매수선택권 부여하는 방법은 이사회의 결의입니다.  최근 사업연도 자본금이 3천억원 이상인 상장법인은 발행주식총수의 1%까지, 그 외의 상장법인은 3%까지 이사회 결의의 방식으로 주식매수선택권부여가 가능합니다. ', '매수선택권 부여하는 방식에 대한 명시없음']",매수선택권 부여하는 방법은 무엇인가?,"['이사회의 결의', '주주총회', '주주총회 , 주주총회', 'N/D', '/D주총회주총회주총회 , 주주총회', '주주총회 , 이사회의 결의', '주주총회이사회의 결의', '주주총회사회의 결의', '이사회의 결의 , 주주총회', '주주총회 , 사회의 결의이사회의 결의', '주총회 , 사회의 결의사회의 결의사회의 결의사회의 결의주총회주주총회사회의 결의', '주총회 , 사회의 결의사회의 결의사회의 결의사회의 결의주총회주주총회사회의 결의이사회의 결의/D', '주총회 , 사회의 결의사회의 결의사회의 결의사회의 결의주총회주총회사회의 결의이사회의 결의/D', '주총회 , 사회의 결의사회의 결의사회의 결의사회의 결의주총회주총회사회의 결의사회의 결의/D주총회사회의 결의사회의 결의사회의 결의사회의 결의사회의 결의', '주총회사회의 결의사회의 결의사회의 결의사회의 결의N/D주총회주총회주주총회이사회의 결의', '사회의 결의주총회이사회의 결의', '사회의 결의주총회이사회의 결의주주총회', '사회의 결의주총회사회의 결의주총회N/D']","1) 이사회 결의: 귀사의 정관을 검토한 결과, 이사회 결의로 주식매수선택권을 부여하고 있습니다. 상법 제542조의3에 의해 최근 사업연도 자본금이 3천억 원 이상인 상장법인은 발행주식 총수의 1%까지, 그 외의 상장법인은 3% 까지 이사회 결의의 방식으로 주식매수선택권을 부여할 수 있습니다. 

2) 주주총회: 귀사의 정관을 검토한 결과, 주주총회 결의로 주식매수선택권을 부여하고 있습니다. 상법 제340조의2 제1항에 따라 정관에 주주총회 특별결의로 주식매수선택권을 부여하는 조항을 둘 수 있습니다.

3) N/D: 귀사의 정관을 검토한 결과, 주식매수선택권을 부여하는 방법을 명시하지 않고 있습니다. 현재 정관은 적법하지만, 주식매수선택권의 부여는 정관에 기재되지 않았으므로 하실 수 없습니다.",
"{'model_id': {'article_type': '주식', 'subtitle': '주식양도제한'}, 'q_num': 'q1'}",MC,상법 제335조,"['주식양도를 금지함  무효이므로, 개정이 필요합니다.', '주식양도 제한은 이사회 사전결의를 통함 비상장 회사의 경우에는 주식의 양도에 이사회 결의를 요하도록 할 수 있습니다. 이사회가 양도를 인정하지 않을 경우 해당 주주에는 회사에 대한 주식매수청구권 인정하여야 합니다. 이와 달리 주주의 주식 양도 자체를 금지하는 조항은 효력이 없습니다.', '주식양도 제한사항에 대한 내용 명시없음']",주식양도 제한사항은 무엇인가?,"['N/D', '이사회 사전 결의', '주식양도금지']","1) 'N/D' : 귀사의 정관상 별도의 주식양도 제한이 없습니다.

2) '이사회 사전 결의' : 상법 제335조 제1항 단서는 회사는 정관으로 정하는 바에 따라 그 발행하는 주식의 양도에 관하여 이사회의 승인을 받도록 할 수 있다고 규정하고 있습니다. 귀사의 정관은 주식 양도 시 {XX}를 요하고 있습니다.

3) '주식양도금지' : 귀사의 정관은 {XX}를 규정하고 있으나, 주식양도의 전면적인 금지는 상법 제335조 제1항에 따라 불가능하므로, 귀사 정관의 수정이 필요합니다.",
"{'model_id': {'article_type': '주식', 'subtitle': '전환주식'}, 'q_num': 'q2'}",MC,상법 제346조 제1항 및 제2항,"['회사', '주주', 'N/D', '회사+주주']",전환요구권자는 누구인가?,"['주주', 'N/D', '회사', '회사+주주']","1) 주주: 귀사의 정관을 검토한 결과, 주주가 전환을 요구할 수 있는 종류주식에 대한 규정이 있습니다. 상법 제346조에 의하여 이와 같은 정관규정은 적법합니다.

2) N/D: 귀사의 정관을 검토한 결과, 전환을 요구할 수 있는 자가 명시되어 있지 않습니다. 상법 제346조에 의하여 전환 요구가 없어도 일정 기간이 만료되면 전환되는 주식의 발행도 가능합니다. 그러므로 이와 같은 정관규정도 적법합니다.

3) 회사: 귀사의 정관을 검토한 결과, 회사가 전환을 요구할 수 있는 종류주식에 대한 규정이 있습니다. 상법 제346조에 의하여 이와 같은 정관규정을 둘 수도 있습니다. 그러나 이와 같은 경우는 흔치 않으므로 귀사의 의도와 부합하는지 확인하시기 바랍니다. 

4) 회사+주주: 귀사의 정관을 검토한 결과, 회사와 주주가 모두 전환을 요구할 수 있는 종류주식에 대한 규정이 있습니다. 상법 제346조에 의하여 이와 같은 정관규정을 둘 수도 있습니다. 그러나 이와 같은 경우는 흔치 않으므로 귀사의 의도와 부합하는지 확인하시기 바랍니다",
"{'model_id': {'article_type': '주식', 'subtitle': '전환주식'}, 'q_num': 'q4'}",MC,상법 제350조 제1항,"['전환됨', '전환안됨', 'N/D']",전환기간 만료일에 자동전환 되는가?,"['N/D', '전환안됨', '전환됨']",정관 내용과 무관. 질문 삭제가 바람직함.,
"{'model_id': {'article_type': '주식', 'subtitle': '전환주식'}, 'q_num': 'q5'}",MC,상법 제348조,"['전환전의 주식의 발행가액', '이사회에서 결정', '기타', 'N/D']",전환으로 인하여 발행하는 주식의 발행가액은?,"['전환전의 주식의 발행가액', '이사회에서 결정', 'N/D', '기타']","1) 전환전의 주식의 발행가액: 귀사의 정관을 검토한 결과, 전환으로 인하여 발행하는 주식의 발행가액을 전환 전의 주식의 발행가액으로 정하고 있습니다. 상법 제348조에 따라 이와 같은 정관규정은 적법합니다. 

2) 이사회에서 결정: 귀사의 정관을 검토한 결과, 전환으로 인하여 발행하는 주식의 발행가액을 이사회에서 정하도록 하고 있습니다. 상법 제348조에 따라 전환으로 인하여 발행하는 주식의 발행가액은 전환 전의 주식의 발행가액이어야 합니다. 따라서 정관 규정이 위법합니다. 

3) N/D: 귀사의 정관을 검토한 결과, 전환으로 인하여 발행하는 주식의 발행가액을 명시한 규정이 없습니다. 이를 명시하지 않아도 정관은 적법하나, 상법 제348조에 따라 전환으로 인하여 발행하는 주식의 발행가액은 전환 전의 주식의 발행가액이어야 합니다.

4) 기타: 귀사의 정관을 검토한 결과, 전환으로 인하여 발행하는 주식의 발행가액을 이사회에서 정하는 금액이나 전환 전의 주식의 발행가액이 아닌 다른 금액으로 정하고 있습니다. 상법 제348조에 따라 전환으로 인하여 발행하는 주식의 발행가액은 전환 전의 주식의 발행가액이어야 합니다. 따라서 정관 규정이 위법합니다.",
"{'model_id': {'article_type': '주식', 'subtitle': '전환주식'}, 'q_num': 'q6'}",MC,상법 제346조 제1항 및 제2항,"['전환전의 주식과 동수', '이사회에서 결정', '기타', 'N/D']",전환으로 인하여 발행할 주식의 수는?,"['N/D', '전환전의 주식과 동수', '이사회에서 결정', '기타']","1) 'N/D'

2) '전환전의 주식과 동수'

3) '이사회에서 결정'

4) '기타'",
"{'model_id': {'article_type': '주식', 'subtitle': '상환주식'}, 'q_num': 'q2'}",MC,상법 제345조 제1항 및 제3항,"['회사', '주주', 'N/D']",상환주식 상환요구권자는 누구인가?,"['주주', 'N/D', '회사', '회사+주주']","1) 주주: 귀사의 정관을 검토한 결과, 주주가 상환을 요구할 수 있는 종류주식에 대한 규정이 있습니다. 상법 제345조에 의하여 이와 같은 정관규정은 적법합니다.

2) N/D: 귀사의 정관을 검토한 결과, 상환을 요구할 수 있는 자가 명시되어 있지 않습니다. 상법 제345조에 의하여 상환 요구가 없어도 일정 기간이 만료되면 상환되는 주식의 발행도 가능합니다. 그러므로 이와 같은 정관규정도 적법합니다.

3) 회사: 귀사의 정관을 검토한 결과, 회사가 상환을 요구할 수 있는 종류주식에 대한 규정이 있습니다. 상법 제345조에 의하여 이와 같은 정관규정을 둘 수도 있습니다. 그러나 이와 같은 경우는 흔치 않으므로 귀사의 의도와 부합하는지 확인하시기 바랍니다. 

4) 회사+주주: 귀사의 정관을 검토한 결과, 회사와 주주가 모두 상환을 요구할 수 있는 종류주식에 대한 규정이 있습니다. 상법 제345조에 의하여 이와 같은 정관규정을 둘 수도 있습니다. 그러나 이와 같은 경우는 흔치 않으므로 귀사의 의도와 부합하는지 확인하시기 바랍니다.",
"{'model_id': {'article_type': '주식', 'subtitle': '상환주식'}, 'q_num': 'q4'}",MC,상법 제345조 제1항 및 제3항,"['상환됨', '상환안됨', 'N/D']",상환기간 만료일에 자동상환 되는가?,"['상환됨', 'N/D', '상환안됨']","1) '상환됨' : 상법 제345조 제3항은 회사는 정관으로 정하는 바에 따라 주주가 회사에 대하여 상환을 청구할 수 있는 종류주식을 발행할 수 있다고 하면서, 이 경우 회사는 정관에 주주가 회사에 대하여 상환을 청구할 수 있다는 뜻, 상환가액, 상환청구기간, 상환의 방법을 정하여야 한다고 규정하고 있습니다. 귀사의 정관은 {XX}라고 규정하고 있으므로, 상환기간 만료일에 자동상환됩니다.

2) 'N/D' : 귀사의 정관에는 주식의 상환에 관한 종류주식에 관한 규정이 없으므로, 자동상환되지 않습니다.

3) '상환안됨' : 귀사의 정관은 {XX}라고 규정하고 있으므로, 자동상환되지 않습니다.",
"{'model_id': {'article_type': '주식', 'subtitle': '상환주식'}, 'q_num': 'q5'}",MC,,"['상환으로 인하여 발행하는 주식의 발행가액은 상환전의 주식의 발행가액 법률상 문제없습니다.', '상환으로 인하여 발행하는 주식의 발행가액은 이사회에서 결정 이사회결의로 상환가액을 정하고자 하는 경우, 적어도 정관에 그 한도를 정하여야 합니다.', '기타', '상환으로 인하여 발행하는 주식의 발행가액에 대한 명시없음']",상환으로 인하여 발행하는 주식의 발행가액은?,"['상환전의 주식의 발행가액', '이사회에서 결정', 'N/D', '기타']",상환시에는 주식이 발행되지 않음,
"{'model_id': {'article_type': '주식', 'subtitle': '배당우선주식'}, 'q_num': 'q3'}",MC,,"['다음년도 이월함', '이월하지 않음', 'N/D']",어느 사업연도에 있어서 소정의 배당을 하지 못한 경우?,"['다음년도 이월함', '이월하지 않음', 'N/D']",질문 불명확.,
"{'model_id': {'article_type': '이사회', 'subtitle': '집행임원'}, 'q_num': 'q1'}",MC,상법 제408조의2 제1항,"['false', 'true']",집행임원제도를 두었는가?,"['false', 'true']","1) false: 귀사의 정관은 집행임원을 두지 않는 것으로 정하고 있습니다. 이 경우 대표이사가 업무를 집행합니다.
2) true: 귀사의 정관은 집행임원을 두는 것으로 정하고 있습니다. 이와 같은 정관 규정은 적법하고, 이 경우 상법 제408조의2에 의하여 대표이사를 둘 수 없습니다.",두지 않는다고 기재할 리 없음
"{'model_id': {'article_type': '주주총회', 'subtitle': '주주총회 소집'}, 'q_num': 'q3'}",QNA,"상법 제365조 제1항 및 제2항, 상법 제362조",매년 1회 이사회가 결정하여 소집한다. 연2회 이상의 결산기를 정한 회사는 매 기에 총회를 소집하여야 한다.,정기주주총회는 언제 소집하나,NaN,"상법 제365조 제1항 및 제2항은 정기총회는 매년 1회 일정한 시기에 이를 소집하여야 하며, 연 2회 이상의 결산기를 정한 회사는 매기에 총회를 소집하여야 한다고 규정하고 있습니다. 귀사의 정관은 정기주주총회의 소집시기에 관하여 {XX}라고 규정하고 있습니다.",
"{'model_id': {'article_type': '주주총회', 'subtitle': '주주총회 소집통지'}, 'q_num': 'q2'}",QNA,상법 제363조 제1항 및 제3항,주주총회일의 2주 전에 각 주주에게 통지해야 한다. 자본금 10억원 미만의 회사의 경우에는 주주총회일의 10일 전에 각 주주에게 통지해야 한다.,통지 기간은 얼마인가?,NaN,귀사의 정관은 주주총회일의 {} 전에 각 주주에게 통지하도록 정하고 있습니다. 주주총회 개최시 상법 제363조 제1항에 의하여 주주총회일의 2주 전에 각 주주에게 통지해야 합니다 .다만 상법 제363조 제3항에 의해 자본금 10억원 미만의 회사의 경우에는 주주총회일의 10일 전에 각 주주에게 통지해야 합니다.,
"{'model_id': {'article_type': '주주총회', 'subtitle': '총회 의결방법'}, 'q_num': 'q3'}",QNA,상법 제368조 제1항,보통 결의는 출석한 주주의 의결권의 과반수와 발행주식총수의 4분의 1이상의 수로써 한다. 특별 결의는 출석한 주주의 의결권의 3분의 2 이상의 수와 발행주식총수의 3분의 1 이상의 수로써 한다.,주주총회의 보통결의는 어떻게 하는가?,NaN,"상법 제368조 제1항은 총회의 결의는 이 법 또는 정관에 다른 정함이 있는 경우를 제외하고는 출석한 주주의 의결권의 과반수와 발행주식총수의 4분의 1 이상의 수로써 하여야 한다고 규정하고 있습니다. 다만, 판례는 이보다 가중된 정족수의 경우에는 유효하다고 보고 있습니다. 귀사의 정관은 주주총회의 보통결의는 {XX}로 한다고 규정하고 있습니다.",
"{'model_id': {'article_type': '주주총회', 'subtitle': '주주총회 소집지'}, 'q_num': 'q2'}",QNA,"상법 제364조, 상법 제434조",총회는 본점소재지 또는 이에 인접한 지에 소집해야 한다.,주주총회 소집지는 어디인가?,NaN,"귀사의 정관은 주주총회 소집지를 {}로 정하고 있습니다. 상법 제364조에 의하여 정관으로 주주총회 소집지를 정할 수 있고, 정관에 다른 정함이 없으면 본점소재지 또는 이에 인접한 지에 소집하여야 합니다.",
"{'model_id': {'article_type': '주주총회', 'subtitle': '주주총회 의장'}, 'q_num': 'q1'}",QNA,상법 제366조의2,정관에서 정함이 없는 때에는 총회에서 선임한다.,주주총회 의장은 누구인가?,NaN,"1) 귀사의 정관은 주주총회의 의장은 {XX}로 한다고 규정하고 있습니다.

2) 귀사의 정관은 주주총회의 의장에 관한 규정을 두고 있지 않습니다. 상법 제366조의2 제1항은 주주총회의 의장은 정관에서 정함이 없는 때에는 주주총회에서 선임한다고 규정하고 있으므로, 주주총회에서 선임하시면 됩니다.",
"{'model_id': {'article_type': '주주총회', 'subtitle': '주주총회 의장'}, 'q_num': 'q2'}",QNA,상법 제366조의2,정관에서 정함이 없는 때에는 총회에서 선임한다.,주주총회 의장이 유고 또는 부재시에 어떻게 하는가??,NaN,귀사의 정관은 주주총회 의장이 유고 또는 부재시에 {}가 직무를 대행하도록 정하고 있습니다. 상법 제366조의2 제1항은 주주총회의 의장은 정관에서 정함이 없는 때에는 주주총회에서 선임한다고 규정하고 있으므로 정관에서 주주총회 의장을 정한 경우 직무대행자도 정관에서 정할 수 있습니다.,
"{'model_id': {'article_type': '이사회', 'subtitle': '이사회 구성'}, 'q_num': 'q2'}",QNA,상법 제542조의8,상장회사는 이사 총수의 4분의 1 이상을 사외이사로 하여야 한다.,사외이사는 몇 명인가?,NaN,"귀사의 정관은 사외이사는 {XX}명이라고 규정하고 있습니다. 비상장회사의 경우, 사외이사 선임이 필수사항이 아니나, 상장회사의 경우, 상법 제542조의8 제1항에 따라 다음의 경우를 제외하고는 이사 총수의 4분의 1 이상을 사외이사로 하여야 합니다.

1. 「벤처기업육성에 관한 특별조치법」에 따른 벤처기업 중 최근 사업연도 말 현재의 자산총액이 1천억원 미만으로서 코스닥시장(대통령령 제24697호 자본시장과 금융투자업에 관한 법률 시행령 일부개정령 부칙 제8조에 따른 코스닥시장을 말한다. 이하 같다) 또는 코넥스시장(「자본시장과 금융투자업에 관한 법률 시행령」 제11조제2항에 따른 코넥스시장을 말한다. 이하 같다)에 상장된 주권을 발행한 벤처기업인 경우
2. 「채무자 회생 및 파산에 관한 법률」에 따른 회생절차가 개시되었거나 파산선고를 받은 상장회사인 경우
3. 유가증권시장(「자본시장과 금융투자업에 관한 법률 시행령」 제176조의9제1항에 따른 유가증권시장을 말한다. 이하 같다), 코스닥시장 또는 코넥스시장에 주권을 신규로 상장한 상장회사(신규상장 후 최초로 소집되는 정기주주총회 전날까지만 해당한다)인 경우. 다만, 유가증권시장에 상장된 주권을 발행한 회사로서 사외이사를 선임하여야 하는 회사가 코스닥시장 또는 코넥스시장에 상장된 주권을 발행한 회사로 되는 경우 또는 코스닥시장 또는 코넥스시장에 상장된 주권을 발행한 회사로서 사외이사를 선임하여야 하는 회사가 유가증권시장에 상장된 주권을 발행한 회사로 되는 경우에는 그러하지 아니하다.
4. 「부동산투자회사법」에 따른 기업구조조정 부동산투자회사인 경우
5. 해산을 결의한 상장회사인 경우

다만, 최근 사업연도 말 현재의 자산총액이 2조원 이상인 상장회사의 사외이사는 3명 이상으로 하되, 이사 총수의 과반수가 되도록 하여야 합니다.",
"{'model_id': {'article_type': '이사회', 'subtitle': '이사회내 위원회'}, 'q_num': 'q2'}",QNA,None,위원회의 명칭은 회사가 정관으로 정할 수 있다.,위원회 명칭은 무엇인가?,NaN,귀사의 정관은 {}위원회를 두고 있습니다. 상법 제292조의2에 의하여 이사회를 설치하려면 정관에 규정이 있어야 합니다.,
"{'model_id': {'article_type': '주식', 'subtitle': '주식 일반'}, 'q_num': 'q1'}",QNA,상법 제289조 제1항 제3호,발행할 주식의 총 수는 정관의 필수 기재사항이다.,회사가 발행예정할 주식의 총수는 얼마인가?,NaN,귀사의 정관은 발행예정주식총수는 {XX}주라고 규정하고 있습니다. 이는 상법 제289조 제1항 제3호에 따른 정관의 절대적 기재사항입니다.,
"{'model_id': {'article_type': '주식', 'subtitle': '주식 일반'}, 'q_num': 'q2'}",QNA,"상법 제451조 제1항, 상법 제289조 제1항 제4호","회사의 발행주식의 액면총액은 설립시 발행하는 주식의 총수에 주식의 액면가를 곱한 값이고, 이는 자본금과 동일해야 한다.",회사가 설립시에 발행하는 주식의 총수는 얼마인가?,NaN,"회사가 설립시에 발행하는 주식의 총수는 {}주 입니다. 이는 상법 제289조 제1항 제3호에 의한 정관의 절대적 기재사항이며, 회사의 발행주식의 액면총액은 설립시 발행하는 주식의 총수에 주식의 액면가를 곱한 값이고, 이는 자본금과 동일해야 합니다.",
"{'model_id': {'article_type': '주식', 'subtitle': '주식 일반'}, 'q_num': 'q3'}",QNA,상법 제289조 제1항 제4호,액면주식을 발행하는 경우 1주의 금액은 정관의 필수기재사항이다.,회사가 발행하는 주식 1주의 금액은 얼마인가?,NaN,귀사의 정관은 1주의 금액을 {XX}원이라고 규정하고 있습니다. 이는 상법 제289조 제1항 제4호에 따른 정관의 절대적 기재사항입니다.,
"{'model_id': {'article_type': '주식', 'subtitle': '신주 발행'}, 'q_num': 'q2'}",QNA,상법 제416조 제2호,회사 성립 후에 신주를 발행하는 경우 정관에 규정이 없는 때에는 이사회가 결정한다.,신주 발행할 경우 주식의 발행가격은 어떻게 정하는가?,NaN,귀사의 정관은 신주 발행시 발행가격을 {}로 정하고 있습니다. 상법 제416조 제2호는 신주발행가액을 정관으로 정하는 것을 허용하고 있습니다.,
"{'model_id': {'article_type': '주식', 'subtitle': '주식매수선택권'}, 'q_num': 'q3'}",QNA,상법 제340조의2,"회사의 설립, 경영 및 기술혁신 등에 기여하거나 기여할 수 있는 회사의 이사, 집행임원, 감사 또는 피용자에게 주식매수선택권을 부여할 수 있다.",주식매수선택권 부여 대상은 누구인가?,NaN,"상법 제340조의2 제1항 본문은 주주총회의 결의로 회사의 설립ㆍ경영 및 기술혁신 등에 기여하거나 기여할 수 있는 회사의 이사, 집행임원, 감사 또는 피용자에게 미리 정한 가액으로 신주를 인수하거나 자기의 주식을 매수할 수 있는 권리를 부여할 수 있다고 규정하고 있습니다. 귀사의 정관은 주식매수선택권 부여대상을 {XX}라고 규정하고 있습니다.",
"{'model_id': {'article_type': '주식', 'subtitle': '전환주식'}, 'q_num': 'q1'}",QNA,상법 제344조 제1항 및 제2항,정관으로 전환주식의 내용과 수를 정하여야 한다.,회사는 전환주식을 얼마나 발행하는가?,NaN,"상법 제344조 제1항 및 제2항은 회사는 배당우선주식을 포함한 종류주식을 발행할 수 있다고 하면서, 이 경우 정관으로 각 종류주식의 내용과 수를 정하여야 한다고 규정하고 있습니다. 귀사의 정관은 전환주식을 {XX}주 발행한다고 규정하고 있습니다.",
"{'model_id': {'article_type': '주식', 'subtitle': '전환주식'}, 'q_num': 'q3'}",QNA,상법 제346조 제1항 및 제2항,정관으로 전환의 조건 및 전환의 청구기간을 정하여야 한다.,전환을 청구할 수 있는 기간은 언제인가?,NaN,"귀사의 정관은 전환 청구기간을 {XX}라고 규정하고 있습니다. 상법 제346조 제1항은 회사가 종류주식을 발행하는 경우에는 정관으로 정하는 바에 따라 주주는 인수한 주식을 다른 종류주식으로 전환할 것을 청구할 수 있으며, 이 경우 전환의 조건, 전환의 청구기간, 전환으로 인하여 발행할 주식의 수와 내용을 정하여야 한다고 규정하고 있습니다.",
"{'model_id': {'article_type': '주식', 'subtitle': '상환주식'}, 'q_num': 'q1'}",QNA,상법 제344조 제1항 및 제2항,정관으로 상환주식의 내용과 수를 정하여야 한다.,회사는 상환주식을 얼마나 발행하는가?,NaN,"상법 제344조 제1항 및 제2항은 회사는 배당우선주식을 포함한 종류주식을 발행할 수 있다고 하면서, 이 경우 정관으로 각 종류주식의 내용과 수를 정하여야 한다고 규정하고 있습니다. 귀사의 정관은 상환주식을 {XX}주 발행한다고 규정하고 있습니다.",
"{'model_id': {'article_type': '주식', 'subtitle': '상환주식'}, 'q_num': 'q3'}",QNA,상법 제345조 제1항 및 제 3항,정관으로 상환청구기간을 정해야 한다.,상환 기간은 언제인가?,NaN,"상법 제345조 제3항은 회사는 정관으로 정하는 바에 따라 주주가 회사에 대하여 상환을 청구할 수 있는 종류주식을 발행할 수 있으며, 이 경우 회사는 정관에 주주가 회사에 대하여 상환을 청구할 수 있다는 뜻, 상환가액, 상환청구기간, 상환의 방법을 정하여야 한다고 규정하고 있습니다. 귀사의 정관은 상환기간을 {XX}라고 규정하고 있습니다.",
"{'model_id': {'article_type': '주식', 'subtitle': '배당우선주식'}, 'q_num': 'q1'}",QNA,상법 제344조 제1항 및 제2항,정관으로 우선주의 발행 주식 수를 정할 수 있다.,회사는 배당우선주식을 얼마나 발행하는가?,NaN,"상법 제344조 제1항 및 제2항은 회사는 배당우선주식을 포함한 종류주식을 발행할 수 있다고 하면서, 이 경우 정관으로 각 종류주식의 내용과 수를 정하여야 한다고 규정하고 있습니다. 귀사의 정관은 배당우선주식을 {XX}주 발행한다고 규정하고 있습니다.",
"{'model_id': {'article_type': '주식', 'subtitle': '배당우선주식'}, 'q_num': 'q2'}",QNA,상법 제344조 제1항 및 제2항,정관으로 우선주의 내용을 정할 수 있다.,우선배당율은 어떻게 정하는가?,NaN,"상법 제344조 제1항 및 제2항은 회사는 이익의 배당, 잔여재산의 분배, 주주총회에서의 의결권의 행사, 상환 및 전환 등에 관하여 내용이 다른 종류의 주식을 발행할 수 있다고 하면서, 이 경우 정관으로 각 종류주식의 내용과 수를 정하여야 한다고 규정하고 있습니다. 귀사의 정관은 우선배당율을 {XX}로 정한다고 규정하고 있습니다.",
"{'model_id': {'article_type': '제1조 (상호)', 'subtitle': '상호'}, 'q_num': 'q1'}",QNA,상법 제289조 제1항 제2호,정관으로 회사의 상호를 정해야 한다.,회사의 이름은 무엇인가?,NaN,귀사의 정관은 회사의 상호를 {XX}로 규정하고 있습니다. 상법 제289조 제1항 제2호에 의해 회사의 상호는 정관에 반드시 기재해야 합니다. 따라서 현재 기재되어 있는 것은 적법합니다.,
"{'model_id': {'article_type': '제6조 (1주의 액면금)', 'subtitle': '1주의 액면금'}, 'q_num': 'q1'}",QNA,상법 제289조 제1항 제4호,액면주식을 발행하는 경우 1주의 금액은 정관의 필수기재사항이다.,주식 1주의 금액은 얼마인가?,NaN,53번 질문과 중복.,
"{'model_id': {'article_type': '제7조 (설립과 동시에 발행하는 주식의 총수)', 'subtitle': '설립과 동시에 발행하는 주식의 총수'}, 'q_num': 'q1'}",QNA,"상법 제451조 제1항, 상법 제289조 제1항 제4호","회사의 발행주식의 액면총액은 설립시 발행하는 주식의 총수에 주식의 액면가를 곱한 값이고, 이는 자본금과 동일해야 한다.",회사 설립시에 발행하는 주식의 총수는?,NaN,귀사의 정관은 회사 설립시에 발행하는 주식의 총수를 {XX}주로 규정하고 있습니다. 상법 제289조 제1항 제5호에 의해 회사 설립시에 발행하는 주식의 총수는 정관에 반드시 기재해야 합니다. 따라서 현재 기재되어 있는 것은 적법합니다.,
"{'model_id': {'article_type': '제3조 (본점 사업장의 소재지)', 'subtitle': '본점 사업장의 소재지'}, 'q_num': 'q1'}",QNA,상법 제289조 제1항 제6호,회사의 본점 소재지는 정관의 필수기재 사항이다.,회사의 본점 소재지 주소는?,NaN,귀사의 정관은 회사의 본점 소재지 주소를 {XX}라고 규정하고 있습니다. 이는 상법 제289조 제1항 제6호에 따른 정관의 절대적 기재사항입니다.,
"{'model_id': {'article_type': '제31조 (이사와 감사의 원수 및 선임)', 'subtitle': '이사와 감사의 원수 및 선임'}, 'q_num': 'q1'}",QNA,상법 제383조 제1항,이사는 3명 이상이어야 한다. 다만 자본금 총액 10억원 미만의 회사는 2명 이하로 할 수 있다.,회사의 이사는 몇 명인가?,NaN,"귀사의 정관은 이사의 수를 {XX}명이라고 규정하고 있습니다. 상법 제383조 제1항에 의해 이사는 3 명 이상이어야 하지만, 자본금 총액이 10억원 미만인 회사는 1명 또는 2명으로 할 수 있습니다.",
"{'model_id': {'article_type': '제32조 (이사 및 감사의 임기)', 'subtitle': '이사 및 감사의 임기'}, 'q_num': 'q1'}",QNA,상법 제383조 제2항,이사의 임기는 3년을 초과하지 못한다.,이사의 임기는 얼마인가??,NaN,19번 질문과 중복.,
"{'model_id': {'article_type': '제32조 (이사 및 감사의 임기)2', 'subtitle': '이사 및 감사의 임기'}, 'q_num': 'q1'}",QNA,상법 제410조,감사의 임기는 취임 후 3년내의 최종의 결산기에 관한 정기총회의 종결시까지로 한다.,감사의 임기는 얼마인가??,NaN,귀사의 정관은 감사의 임기를 {}년이라고 규정하고 있습니다. 상법 제410조는 감사의 임기를 취임 후 3년내의 최종의 결산기에 관한 정기총회의 종결시까지로 정하고 있습니다.,
"{'model_id': {'article_type': '제31조 (이사와 감사의 원수 및 선임)2', 'subtitle': '이사와 감사의 원수 및 선임'}, 'q_num': 'q1'}",QNA,"상법 제312조, 상법 제409조 제4항","감사는 한 명이상이어야 하지만, 자본금 총액 10억원 미만의 회사의 경우에는 감사를 선임하지 않을 수있다.",회사의 감사는 몇 명인가?,NaN,"귀사의 정관은 감사의 수를 {XX}명이라고 규정하고 있습니다. 감사는 한 명 이상이어야 하지만, 상법 제409조 제4항은 자본금 총액 10억원 미만의 회사의 경우에는 감사를 선임하지 않을 수 있다고 규정하고 있습니다.",
"{'model_id': {'article_type': '제5조 (장래에 발행할 주식의 총수)', 'subtitle': '장래에 발행할 주식의 총수'}, 'q_num': 'q1'}",QNA,상법 제289조 제1항 제3호,발행할 주식의 총 수는 정관의 필수 기재사항이다.,회사가 발행할 주식의 총 수는?,NaN,"정관을 검토한 결과, 발행할 주식의 총 수는 {xx}입니다. 상법 제289조 제1항 제3호에 의하면 발행할 주식의 총 수는 정관의 필수 기재사항입니다. 따라서 현재 기재되어 있는 것은 적법합니다.",